"","Subject","Condition","pic","color","Pic_valence_MEAN","Pic_arousal_MEAN","pic1_valence","pic1_arousal","pic2_valence","pic2_arousal","pic3_valence","pic3_arousal","pic4_valence","pic4_arousal","STAI_MEAN","AEQanxiety_MEAN","STAI1","STAI2","STAI3","STAI4","STAI5","STAI6","STAI7","STAI8","STAI9","STAI10","STAI11","STAI12","STAI13","STAI14","STAI15","STAI16","STAI17","STAI18","STAI19","STAI20","STAI1_r","STAI6_r","STAI7_r","STAI10_r","STAI13_r","STAI16_r","STAI19_r","AEQaxpre1","AEQaxpre2","AEQaxpre3","AEQaxpre4","AEQaxpre5","AEQaxperi1","AEQaxperi2","AEQaxperi3","AEQaxperi4","AEQaxperi5","AEQaxperi6","AEQaxperi7","age","sex","red_green","blue_yellow"
"1",58,"red_test","test","red",5.25,4.75,6,6,5,6,6,4,4,3,1.75,1.75,3,2,1,1,2,2,3,1,2,4,2,2,3,2,1,3,3,2,4,1,2,3,2,1,2,2,1,2,2,2,2,1,2,2,2,2,1,2,1,NA,NA,NA,NA
"2",106,"red_neu","neu","red",2,4.5,2,6,4,4,1,5,1,3,1.65,2.25,4,3,1,1,1,2,2,1,3,4,2,1,4,2,1,4,2,2,3,1,1,3,3,1,1,1,2,4,4,4,1,2,1,1,2,1,1,5,1,19,"female",NA,NA
"3",216,"red_neu","neu","red",2.25,2.75,4,6,1,1,1,2,3,2,1.85,1.91666666666667,2,2,1,2,1,3,4,2,1,2,2,2,2,1,1,2,1,2,3,2,3,2,1,3,3,3,2,2,3,3,3,2,2,1,1,1,1,1,3,NA,NA,NA,NA
"4",221,"red_neu","neu","red",3,3.5,3,1,2,1,6,7,1,5,1.85,2.08333333333333,4,3,2,1,2,2,4,2,3,4,2,3,4,1,2,4,2,1,3,3,1,3,1,1,1,1,2,4,4,3,2,1,2,1,4,1,1,1,1,NA,NA,NA,NA
"5",161,"blue_test","test","blue",4.5,4,3,7,4,6,7,2,4,1,1.3,2.66666666666667,4,1,1,1,1,4,3,1,2,4,2,2,4,1,1,4,2,2,4,1,1,1,2,1,1,1,1,4,4,5,2,1,2,1,4,3,3,2,1,20,"female",NA,NA
"6",59,"blue_neu","neu","blue",1.75,3,3,6,1,1,1,3,2,2,NA,2.5,NA,NA,NA,NA,NA,NA,NA,NA,NA,NA,NA,NA,NA,NA,NA,NA,NA,NA,NA,NA,NA,NA,NA,NA,NA,NA,NA,5,2,3,2,4,2,2,2,2,1,4,1,NA,NA,NA,NA
"7",214,"blue_neu","neu","blue",2.5,3,5,5,2,1,2,4,1,2,1.75,3.16666666666667,4,2,2,1,2,3,3,2,2,3,1,1,3,2,1,3,2,2,3,2,1,2,2,2,2,2,2,4,5,4,4,4,2,2,2,2,2,4,3,NA,NA,NA,NA
"8",1,"red_test","test","red",3,3.5,1,6,5,4,2,2,4,2,2.3,2.08333333333333,3,2,1,2,3,1,2,2,3,3,3,1,2,2,2,2,1,2,1,1,2,4,3,2,3,3,4,4,4,2,2,1,2,1,1,1,1,4,2,19,"male",0,0
"9",11,"red_test","test","red",5.25,4.75,6,6,7,7,3,4,5,2,1.9,3.16666666666667,3,2,1,1,1,4,2,2,2,4,1,4,2,3,1,3,1,2,2,2,2,1,3,1,3,2,3,5,4,2,2,5,3,1,2,1,4,5,4,18,"male",0,0
"10",14,"red_test","test","red",4.25,6.5,1,6,7,7,2,6,7,7,2.45,3.66666666666667,3,1,2,2,1,3,1,4,4,1,1,2,2,2,4,2,2,2,2,1,2,2,4,4,3,3,3,5,2,5,1,5,5,5,1,5,1,5,4,22,"female",0,0
"11",19,"red_test","test","red",4,5,3,5,6,6,4,5,3,4,2.35,2.91666666666667,3,3,2,2,1,1,2,2,2,2,3,1,2,4,1,1,2,1,3,2,2,4,3,3,3,4,2,4,4,4,3,2,2,3,3,2,2,4,2,21,"female",0,0
"12",22,"red_test","test","red",6,2.75,5,2,7,3,6,3,6,3,2.8,3,2,2,2,2,3,1,2,3,3,2,4,3,2,1,2,2,3,2,2,4,3,4,3,3,3,3,3,5,3,5,2,3,3,2,3,1,2,5,2,19,"female",0,0
"13",26,"red_test","test","red",4.5,2.5,3,6,3,1,6,1,6,2,1.9,2.25,4,2,1,1,3,2,2,1,4,4,1,1,3,1,1,3,3,3,3,2,1,3,3,1,2,2,2,5,4,3,2,1,2,1,1,1,2,4,1,22,"female",0,0
"14",30,"red_test","test","red",4,5,3,6,4,5,5,5,4,4,2.21052631578947,2.66666666666667,2,3,2,1,2,2,2,1,2,2,2,2,2,2,2,3,2,NA,3,2,3,3,3,3,3,2,2,4,3,3,2,3,3,3,3,2,2,2,2,33,"female",0,0
"15",34,"red_test","test","red",5.5,4.25,6,6,4,3,6,3,6,5,1.35,2,3,2,1,1,1,3,3,1,2,4,1,1,4,1,1,4,1,2,3,1,2,2,2,1,1,1,2,3,3,2,2,1,2,1,2,1,2,3,2,21,"female",0,0
"16",40,"red_test","test","red",5.25,4.25,4,3,6,5,5,4,6,5,1.7,3.25,2,1,2,1,1,2,3,2,1,4,1,1,1,2,1,4,1,1,2,2,3,3,2,1,4,1,3,5,5,4,3,2,3,3,4,2,2,4,2,26,"female",0,0
"17",43,"red_test","test","red",3.5,3,3,7,2,1,4,2,5,2,1.9,3.33333333333333,4,2,2,1,3,2,3,3,4,4,2,1,4,2,2,4,2,3,4,1,1,3,2,1,1,1,1,5,3,5,2,5,3,2,5,1,1,5,3,20,"female",0,0
"18",49,"red_test","test","red",5.5,6,6,7,4,6,6,5,6,6,1.85,3.33333333333333,3,1,2,1,3,3,3,1,3,4,2,2,4,3,1,4,2,2,2,2,2,2,2,1,1,1,3,4,5,3,2,2,4,4,2,1,3,5,5,18,"female",0,0
"19",50,"red_test","test","red",5.5,4,5,5,5,3,6,4,6,4,2.05,2.66666666666667,3,2,3,1,2,3,3,1,3,4,2,1,3,2,3,2,1,3,2,2,2,2,2,1,2,3,3,4,5,4,2,1,3,3,2,1,1,5,1,18,"female",0,0
"20",56,"red_test","test","red",5.75,4.75,6,5,6,7,6,4,5,3,2.2,3.91666666666667,3,3,1,1,2,2,2,3,3,3,2,2,3,3,1,3,3,2,3,2,2,3,3,2,2,2,2,5,4,4,3,3,5,3,4,3,4,5,4,19,"female",0,0
"21",69,"red_test","test","red",5.5,6,4,6,5,5,7,7,6,6,2.7,3.33333333333333,2,2,3,3,1,2,2,3,3,2,4,2,4,3,2,1,3,1,2,4,3,3,3,3,1,4,3,3,4,5,3,5,3,2,5,2,3,2,3,19,"female",0,0
"22",70,"red_test","test","red",4.75,4.25,3,5,6,5,6,5,4,2,1.75,2.66666666666667,3,2,1,1,3,3,3,1,3,3,2,2,3,2,1,4,1,2,3,1,2,2,2,2,2,1,2,2,5,5,2,2,2,2,3,1,1,4,3,19,"female",0,0
"23",77,"red_test","test","red",5.25,5.5,2,3,6,6,7,7,6,6,1.5,3.08333333333333,4,2,1,1,1,3,3,2,2,4,2,2,4,1,2,4,2,1,4,2,1,2,2,1,1,1,1,5,5,5,4,2,4,2,2,1,1,4,2,48,"female",0,0
"24",81,"red_test","test","red",4.5,3.5,2,5,4,5,6,2,6,2,1.4,2.25,2,1,1,1,1,2,4,1,1,3,1,1,3,1,1,4,1,2,3,1,3,3,1,2,2,1,2,4,4,3,2,1,2,2,1,1,2,4,1,21,"female",0,0
"25",87,"red_test","test","red",5.75,4.75,7,7,6,6,5,3,5,3,3.1,2.83333333333333,3,2,3,3,4,1,1,4,4,3,4,3,3,3,3,2,3,2,2,4,2,4,4,2,2,3,3,5,5,4,2,1,4,2,4,2,1,3,1,20,"female",0,0
"26",90,"red_test","test","red",5.25,4.25,6,5,5,5,5,4,5,3,2.65,2.91666666666667,2,2,2,2,3,2,4,2,3,3,4,4,3,4,2,4,4,4,3,3,3,3,1,2,2,1,2,4,3,5,3,2,2,3,2,2,2,4,3,19,"female",0,0
"27",95,"red_test","test","red",5.25,4.25,3,2,6,5,6,5,6,5,2,3.66666666666667,3,2,2,2,2,3,3,2,2,4,2,2,3,2,3,4,2,2,3,3,2,2,2,1,2,1,2,5,4,5,5,2,5,2,5,3,5,1,2,23,"male",0,0
"28",99,"red_test","test","red",4.75,5.5,5,6,5,6,4,5,5,5,1.7,2.91666666666667,4,2,2,1,2,3,3,2,3,4,2,2,4,2,1,4,2,2,4,2,1,2,2,1,1,1,1,5,3,5,1,2,2,2,3,1,2,5,4,19,"female",0,0
"29",101,"red_test","test","red",3.5,3.5,6,6,3,4,3,2,2,2,2.25,2.25,2,2,2,1,3,3,3,1,2,2,2,3,3,4,2,3,3,2,3,2,3,2,2,3,2,2,2,2,2,3,1,2,2,2,4,1,2,3,3,18,"female",0,0
"30",105,"red_test","test","red",5,4.5,6,5,5,4,4,5,5,4,1.6,2.08333333333333,3,2,1,1,2,3,3,1,2,4,1,1,2,2,1,4,1,2,3,2,2,2,2,1,3,1,2,4,3,3,2,1,3,2,2,1,1,2,1,20,"male",0,0
"31",113,"red_test","test","red",6.5,5.5,7,6,7,7,6,4,6,5,2.1,4.33333333333333,4,3,1,1,2,2,3,2,4,4,3,2,3,3,1,4,3,2,3,3,1,3,2,1,2,1,2,5,2,5,5,5,5,3,4,4,4,5,5,21,"female",0,0
"32",115,"red_test","test","red",2.5,2.75,2,3,3,3,2,2,3,3,1.8,1.91666666666667,3,2,2,4,2,3,3,1,2,3,2,2,2,1,1,4,1,1,3,1,2,2,2,2,3,1,2,2,2,2,1,1,2,2,2,2,2,3,2,31,"female",0,0
"33",119,"red_test","test","red",4,4.5,5,5,6,6,4,2,1,5,1.7,2.66666666666667,4,2,1,1,2,2,2,1,2,3,2,2,3,1,1,3,1,1,3,2,1,3,3,2,2,2,2,4,4,4,2,2,3,3,2,1,1,4,2,23,"female",0,0
"34",124,"red_test","test","red",5.25,5.25,2,4,6,5,6,6,7,6,1.5,2.08333333333333,4,2,1,1,2,3,4,2,2,4,2,2,4,2,2,4,2,1,4,1,1,2,1,1,1,1,1,4,4,3,2,1,2,2,3,1,1,1,1,19,"female",0,0
"35",126,"red_test","test","red",3.25,4,1,3,3,4,6,4,3,5,1.55,2.16666666666667,4,3,1,1,2,2,3,1,2,4,2,2,4,1,1,4,1,2,4,2,1,3,2,1,1,1,1,4,3,4,1,1,3,1,2,1,1,2,3,28,"female",0,0
"36",130,"red_test","test","red",5,4.25,3,2,5,5,6,5,6,5,2.5,2.91666666666667,3,3,1,2,3,2,3,3,3,2,3,3,3,3,1,2,2,3,2,2,2,3,2,3,2,3,3,4,4,4,4,1,3,2,2,1,2,4,4,19,"male",0,0
"37",133,"red_test","test","red",4.5,6,5,7,5,6,7,5,1,6,2.35,3.58333333333333,3,3,2,1,2,1,3,2,3,3,3,2,3,3,2,2,2,2,2,2,2,4,2,2,2,3,3,5,5,4,4,5,3,3,2,2,2,4,4,19,"female",0,0
"38",135,"red_test","test","red",4.5,4.75,6,6,4,6,1,2,7,5,1.75,2.91666666666667,4,1,2,1,2,3,4,2,3,4,2,2,4,3,1,4,2,2,4,4,1,2,1,1,1,1,1,5,3,2,2,3,4,4,2,1,1,4,4,20,"male",0,0
"39",140,"red_test","test","red",4.5,4.75,5,6,3,6,5,3,5,4,2.05,2.25,4,2,1,2,3,2,3,2,3,3,2,2,2,1,2,3,3,2,3,1,1,3,2,2,3,2,2,4,4,3,5,1,1,1,2,1,1,3,1,19,"male",0,0
"40",145,"red_test","test","red",6,6.5,3,5,7,7,7,7,7,7,3.4,4.25,4,2,3,2,3,1,1,4,4,2,3,4,1,4,3,1,4,4,1,4,1,4,4,3,4,4,4,5,5,5,5,2,5,4,5,5,5,4,1,20,"male",0,0
"41",147,"red_test","test","red",5.25,5.25,6,6,5,6,5,4,5,5,2.05,2.83333333333333,3,2,2,1,2,2,3,2,2,3,1,2,3,3,2,3,2,2,3,3,2,3,2,2,2,2,2,4,4,4,2,3,3,2,2,2,2,3,3,18,"female",0,0
"42",152,"red_test","test","red",4.5,3,6,6,3,2,5,2,4,2,2,1.33333333333333,3,4,1,3,3,2,4,2,1,3,1,2,3,1,2,3,2,1,3,3,2,3,1,2,2,2,2,2,1,2,1,1,1,2,1,1,2,1,1,19,"male",0,0
"43",156,"red_test","test","red",4.75,3.5,3,5,5,4,6,3,5,2,1.9,3.41666666666667,3,2,2,1,1,3,3,2,2,3,1,1,3,3,2,3,2,3,3,2,2,2,2,2,2,2,2,4,5,5,4,2,3,2,4,2,3,5,2,19,"female",0,0
"44",162,"red_test","test","red",6.25,5.75,6,6,6,5,7,6,6,6,1.95,3.5,3,2,2,1,2,2,4,2,3,3,2,2,3,2,1,3,2,2,3,2,2,3,1,2,2,2,2,4,5,4,4,2,4,2,4,2,5,4,2,20,"female",0,0
"45",2,"red_neu","neu","red",3,2.75,3,6,4,1,2,1,3,3,2.2,3.16666666666667,3,2,2,1,2,3,2,2,4,4,2,2,3,4,1,4,3,3,2,2,2,2,3,1,2,1,3,5,5,5,3,2,2,1,3,4,1,5,2,18,"female",0,0
"46",6,"red_neu","neu","red",5.75,5.5,4,5,6,6,6,5,7,6,1.9,2.41666666666667,3,3,1,2,1,3,3,2,2,3,2,2,4,2,2,3,2,2,3,2,2,2,2,2,1,2,2,3,4,4,4,1,2,1,3,1,1,3,2,18,"female",0,0
"47",7,"red_neu","neu","red",2.25,2.75,3,5,1,1,2,2,3,3,2.1,2.75,3,1,1,2,2,3,3,2,2,3,2,1,2,3,3,3,2,3,2,2,2,2,2,2,3,2,3,4,4,3,3,4,4,2,3,1,2,1,2,18,"male",0,0
"48",9,"red_neu","neu","red",2,4.75,1,7,1,1,4,4,2,7,1.95,2.08333333333333,3,2,2,1,1,3,2,1,3,3,2,2,2,2,1,3,1,2,1,1,2,2,3,2,3,2,4,3,5,5,1,3,2,1,1,1,1,1,1,24,"female",0,0
"49",15,"red_neu","neu","red",2.25,1.5,5,2,2,2,1,1,1,1,1.4,2.25,3,2,1,1,1,3,3,1,2,4,1,1,3,2,1,3,1,1,4,1,2,2,2,1,2,2,1,4,2,4,2,1,3,2,1,1,1,4,2,19,"female",0,0
"50",20,"red_neu","neu","red",2.75,3.25,3,6,5,5,1,1,2,1,1.3,2.58333333333333,4,2,1,1,1,3,4,1,2,4,1,1,4,1,1,4,2,1,3,2,1,2,1,1,1,1,2,5,5,5,2,1,2,1,1,1,1,4,3,19,"female",0,0
"51",21,"red_neu","neu","red",2.75,3.75,2,7,6,2,2,3,1,3,1.9,2.16666666666667,3,3,1,1,1,3,2,2,3,4,2,2,2,2,1,4,2,2,3,2,2,2,3,1,3,1,2,3,3,1,1,1,2,2,4,2,1,5,1,19,"male",0,0
"52",25,"red_neu","neu","red",2.5,3,5,7,3,1,1,3,1,1,2.55,3.66666666666667,4,2,2,1,3,3,1,2,4,2,2,4,2,1,4,2,1,3,1,2,1,2,4,3,3,3,4,5,5,2,4,5,3,4,2,1,5,5,3,24,"female",0,0
"53",29,"red_neu","neu","red",2.25,2.75,2,6,4,2,1,1,2,2,2.6,2.83333333333333,2,1,2,3,2,1,2,2,2,3,3,2,3,3,1,3,4,4,2,4,3,4,3,2,2,2,3,4,5,4,1,1,3,2,4,3,1,2,4,20,"female",0,0
"54",33,"red_neu","neu","red",2.5,3.25,7,6,1,1,1,4,1,2,1.65,2.58333333333333,2,3,2,1,2,2,2,2,1,4,1,1,4,1,1,3,1,1,3,1,3,3,3,1,1,2,2,4,4,5,1,2,3,1,2,1,1,4,3,19,"female",0,0
"55",36,"red_neu","neu","red",1.25,3.5,2,7,1,1,1,3,1,3,2.8,2.08333333333333,2,3,2,3,4,2,2,2,4,2,3,2,2,2,3,2,3,2,2,2,3,3,3,3,3,3,3,2,3,2,2,1,3,1,2,1,2,4,2,19,"male",0,0
"56",44,"red_neu","neu","red",1.5,2.5,3,1,1,2,1,4,1,3,2.4,3.16666666666667,3,3,2,1,3,2,2,2,3,3,3,2,3,1,2,3,3,3,2,3,2,3,3,2,2,2,3,4,4,5,3,1,3,1,4,3,1,5,4,24,"female",0,0
"57",47,"red_neu","neu","red",1.5,3.75,2,6,1,1,1,6,2,2,1.5,3.08333333333333,3,2,1,1,2,3,3,1,1,4,1,2,4,2,1,4,2,2,4,2,2,2,2,1,1,1,1,4,3,4,2,4,4,3,2,1,1,5,4,25,"female",0,0
"58",52,"red_neu","neu","red",2.25,2.5,2,4,1,1,5,4,1,1,1.7,3.5,3,4,2,1,2,3,4,1,2,4,2,1,4,3,1,4,2,2,4,2,2,2,1,1,1,1,1,4,5,4,2,5,4,2,3,2,3,5,3,19,"female",0,0
"59",54,"red_neu","neu","red",2,1.5,2,2,1,1,3,1,2,2,2.6,3.16666666666667,3,2,2,2,2,3,3,2,4,2,2,3,1,2,2,1,3,3,2,3,2,2,2,3,4,4,3,4,4,5,2,2,4,3,3,1,1,5,4,20,"female",0,0
"60",60,"red_neu","neu","red",2,4.75,2,6,1,6,4,4,1,3,2.15,3.16666666666667,4,3,3,1,3,2,2,2,2,3,2,1,3,1,3,2,1,1,1,2,1,3,3,2,2,3,4,4,4,5,4,5,3,2,2,2,2,4,1,21,"female",0,0
"61",64,"red_neu","neu","red",3.25,3.75,5,6,1,1,1,2,6,6,2.3,3.41666666666667,2,2,3,1,2,2,3,3,3,3,1,1,1,2,2,3,2,2,1,2,3,3,2,2,4,2,4,1,4,5,5,2,3,2,5,3,3,5,3,19,"female",0,0
"62",68,"red_neu","neu","red",2.75,4,5,5,1,6,3,1,2,4,1.9,3.25,3,2,2,2,3,2,3,2,1,3,1,2,3,3,1,3,1,2,4,2,2,3,2,2,2,2,1,4,5,5,4,1,3,3,4,2,4,2,2,23,"female",0,0
"63",71,"red_neu","neu","red",4.5,2.25,6,5,2,1,4,1,6,2,2.2,2.83333333333333,2,3,2,2,2,3,2,2,3,4,2,2,3,1,2,3,3,3,3,2,3,2,3,1,2,2,2,4,3,5,3,4,2,1,3,3,2,3,1,19,"female",0,0
"64",74,"red_neu","neu","red",1.5,2.25,1,4,1,2,2,2,2,1,2.25,2.5,3,3,2,2,1,3,2,2,4,3,2,1,4,2,2,4,4,3,2,3,2,2,3,2,1,1,3,5,3,4,2,3,2,2,3,1,1,2,2,19,"female",0,0
"65",84,"red_neu","neu","red",2.25,3.75,5,7,1,4,2,2,1,2,2.25,2.83333333333333,3,3,2,2,2,2,2,2,3,3,2,1,4,2,2,3,3,2,2,3,2,3,3,2,1,2,3,4,4,5,2,3,2,2,3,1,1,4,3,19,"female",0,0
"66",89,"red_neu","neu","red",3.25,3.5,1,3,2,3,5,5,5,3,3.35,4.33333333333333,3,4,2,3,3,1,1,4,4,3,4,3,2,4,3,2,4,4,1,3,2,4,4,2,3,3,4,5,5,5,4,5,5,4,4,3,3,5,4,19,"female",0,0
"67",93,"red_neu","neu","red",1.75,2,1,1,4,5,1,1,1,1,1.45,1.5,4,1,1,1,1,1,2,1,1,4,1,1,4,1,2,4,1,1,4,4,1,4,3,1,1,1,1,2,1,5,1,1,1,1,2,1,1,1,1,20,"male",0,0
"68",94,"red_neu","neu","red",2.5,4,1,1,1,5,3,5,5,5,2.7,4,1,2,1,1,1,1,1,1,3,2,4,4,2,2,2,1,2,3,1,2,4,4,4,3,3,4,4,5,5,5,4,5,5,5,2,1,1,5,5,28,"female",0,0
"69",100,"red_neu","neu","red",1.5,3.5,2,6,2,3,1,3,1,2,1.95,2.91666666666667,3,2,2,1,2,4,2,2,3,3,2,1,4,2,2,4,3,2,2,2,2,1,3,2,1,1,3,4,5,5,2,1,2,1,3,1,2,5,4,19,"female",0,0
"70",104,"red_neu","neu","red",1.75,2,2,3,3,3,1,1,1,1,1.35,1.91666666666667,4,2,1,1,1,3,3,1,2,4,1,1,3,2,1,4,2,1,4,1,1,2,2,1,2,1,1,3,4,3,1,1,1,2,2,1,1,2,2,19,"male",0,0
"71",109,"red_neu","neu","red",2.5,2.5,5,5,3,3,1,1,1,1,1.65,3.08333333333333,4,3,1,2,2,2,3,1,1,4,1,2,2,1,2,3,1,1,3,1,1,3,2,1,3,2,2,4,5,5,4,1,3,2,4,2,2,3,2,19,"female",0,0
"72",111,"red_neu","neu","red",3,4.5,3,2,1,6,1,4,7,6,3.26315789473684,2,3,4,3,4,4,2,2,3,4,2,4,2,NA,4,2,2,4,4,2,3,2,3,3,3,NA,3,3,1,4,4,1,1,2,1,5,2,1,1,1,20,"male",0,0
"73",114,"red_neu","neu","red",2.25,2.75,6,7,1,1,1,1,1,2,2.1,2.91666666666667,2,2,2,1,2,2,4,2,3,2,3,2,3,2,1,3,2,1,3,3,3,3,1,3,2,2,2,5,5,4,2,1,4,1,3,1,2,4,3,18,"female",0,0
"74",121,"red_neu","neu","red",4,3.75,6,7,6,5,2,1,2,2,2.3,2.58333333333333,3,3,2,2,2,1,1,2,2,2,2,2,3,2,2,3,1,2,2,2,2,4,4,3,2,2,3,4,4,3,1,1,3,2,1,2,1,5,4,23,"female",0,0
"75",122,"red_neu","neu","red",2.5,4.25,2,5,5,5,1,3,2,4,1.8,2.08333333333333,4,2,1,1,2,2,3,1,3,3,1,2,3,2,1,3,2,2,3,2,1,3,2,2,2,2,2,2,4,3,1,1,2,2,4,1,2,2,1,20,"female",0,0
"76",129,"red_neu","neu","red",2.5,2,5,4,3,1,1,2,1,1,1.47368421052632,1.58333333333333,3,2,1,1,2,3,NA,1,3,4,2,1,4,1,2,4,1,2,4,1,2,2,NA,1,1,1,1,2,1,2,1,1,1,1,2,1,1,4,2,18,"female",0,0
"77",131,"red_neu","neu","red",2.75,2.5,3,3,1,1,3,2,4,4,1.6,3.08333333333333,2,2,1,1,1,3,3,1,2,4,2,1,3,1,1,3,1,2,3,2,3,2,2,1,2,2,2,4,5,5,2,2,4,3,4,1,1,5,1,20,"male",0,0
"78",138,"red_neu","neu","red",1,3,1,6,1,2,1,2,1,2,2.7,3.16666666666667,2,2,1,1,2,2,2,3,3,2,4,2,3,4,2,2,4,3,2,3,3,3,3,3,2,3,3,5,5,4,1,3,5,3,4,1,1,4,2,21,"female",0,0
"79",139,"red_neu","neu","red",1.75,2,3,4,1,1,1,1,2,2,2.4,3.33333333333333,2,2,2,1,3,1,2,1,3,3,2,4,2,3,2,3,2,2,3,2,3,4,3,2,3,2,2,5,3,4,3,2,4,3,3,3,2,5,3,28,"female",0,0
"80",144,"red_neu","neu","red",2.75,3,6,7,1,1,1,2,3,2,3.05,2.75,2,3,2,2,4,1,2,4,3,2,4,2,2,4,3,2,4,2,3,3,3,4,3,3,3,3,2,4,4,3,3,1,2,2,3,1,1,5,4,20,"female",0,0
"81",149,"red_neu","neu","red",2.25,4.5,4,7,1,2,2,4,2,5,2.55,2.41666666666667,3,2,1,2,2,3,3,2,3,2,4,3,3,4,3,2,3,3,2,2,2,2,2,3,2,3,3,4,3,3,1,4,1,1,2,1,1,5,3,18,"male",0,0
"82",154,"red_neu","neu","red",1.75,3,2,5,1,2,1,3,3,2,2.2,2.83333333333333,3,4,1,2,1,2,3,1,4,2,2,1,3,2,2,2,4,1,3,2,2,3,2,3,2,3,2,4,4,3,5,4,2,2,3,1,3,2,1,18,"female",0,0
"83",158,"red_neu","neu","red",1.5,1.5,2,3,2,1,1,1,1,1,2.85,2.91666666666667,3,2,2,3,3,1,1,3,4,3,4,3,3,3,2,3,4,2,2,3,2,4,4,2,2,2,3,5,4,5,3,1,4,2,3,2,1,3,2,19,"female",0,0
"84",159,"red_neu","neu","red",2.25,3.75,4,5,3,4,1,4,1,2,2.7,3.5,3,4,2,2,1,2,2,3,4,3,4,2,3,2,3,2,3,3,2,3,2,3,3,2,2,3,3,5,4,4,4,5,3,2,3,2,3,4,3,19,"female",0,0
"85",3,"blue_test","test","blue",4.75,3.75,5,6,6,5,6,2,2,2,1.35,2.33333333333333,3,1,1,1,1,4,3,1,1,4,2,2,3,1,2,4,1,1,4,2,2,1,2,1,2,1,1,4,3,3,1,1,3,1,2,2,2,3,3,37,"female",0,0
"86",8,"blue_test","test","blue",5.5,4.25,6,4,6,6,5,3,5,4,2,3.41666666666667,3,2,1,2,3,4,2,2,3,4,2,2,3,2,1,2,2,2,3,2,2,1,3,1,2,3,2,4,5,4,3,1,3,3,4,3,3,5,3,18,"female",0,0
"87",12,"blue_test","test","blue",4.25,3.25,6,6,5,3,3,2,3,2,1.5,1.91666666666667,3,2,1,1,2,4,3,1,2,4,2,2,4,1,2,4,2,1,3,1,2,1,2,1,1,1,2,4,2,4,2,1,2,1,2,1,1,2,1,22,"female",0,0
"88",13,"blue_test","test","blue",3.5,3.5,4,6,4,3,3,3,3,2,2.3,2.66666666666667,2,3,2,2,2,2,3,1,3,3,3,2,3,3,2,3,3,2,3,2,3,3,2,2,2,2,2,4,5,4,3,2,2,2,2,2,2,3,1,20,"female",0,0
"89",17,"blue_test","test","blue",5.5,6,5,6,6,6,7,6,4,6,2.85,2.91666666666667,2,1,2,3,3,3,3,3,3,2,3,2,1,4,3,2,2,4,2,4,3,2,2,3,4,3,3,5,5,5,2,1,2,3,2,1,1,4,4,21,"female",0,0
"90",24,"blue_test","test","blue",5,5,5,6,4,6,6,4,5,4,1.5,2.75,4,2,1,1,1,2,4,1,2,4,2,1,4,2,1,4,2,2,3,2,1,3,1,1,1,1,2,3,2,4,1,1,4,2,3,2,2,5,4,17,"male",0,0
"91",28,"blue_test","test","blue",6.5,6,6,6,7,6,6,5,7,7,2.65,4.33333333333333,3,1,2,3,3,4,2,4,3,2,2,3,2,2,2,2,4,3,2,3,2,1,3,3,3,3,3,5,5,4,4,4,5,3,5,3,4,5,5,19,"female",0,0
"92",32,"blue_test","test","blue",5,4,3,4,5,4,6,3,6,5,2.35,2.75,3,3,2,2,3,2,3,3,3,3,3,3,3,2,2,3,2,2,3,2,2,3,2,2,2,2,2,4,4,4,3,2,2,2,2,1,1,5,3,21,"female",0,0
"93",37,"blue_test","test","blue",4.5,2.25,5,3,2,1,5,2,6,3,2.05,1.5,3,3,2,3,1,3,3,1,2,2,3,2,4,2,2,3,1,3,3,2,2,2,2,3,1,2,2,3,2,2,1,1,2,1,1,1,1,2,1,20,"female",0,0
"94",45,"blue_test","test","blue",4.75,6,5,7,2,5,6,6,6,6,2.2,2.08333333333333,3,3,2,3,4,3,4,2,3,3,2,1,4,3,2,3,1,4,3,2,2,2,1,2,1,2,2,3,2,2,1,4,2,1,1,1,1,4,3,21,"female",0,0
"95",46,"blue_test","test","blue",4.5,4.75,1,6,4,5,6,2,7,6,1.9,2,4,1,2,1,2,3,3,2,4,3,2,1,3,2,1,4,3,3,3,2,1,2,2,2,2,1,2,3,2,2,1,1,2,1,2,1,3,3,3,25,"female",0,0
"96",53,"blue_test","test","blue",4.5,5,4,6,3,4,6,6,5,4,2.35,3,3,2,3,2,2,3,2,2,1,3,2,2,1,2,3,1,1,3,2,2,2,2,3,2,4,4,3,5,5,4,2,4,2,2,2,2,2,4,2,20,"female",0,0
"97",55,"blue_test","test","blue",1.75,3,2,5,3,5,1,1,1,1,1.2,1.41666666666667,4,1,1,1,1,4,4,1,2,4,2,1,4,2,1,4,1,2,4,1,1,1,1,1,1,1,1,2,1,1,1,1,2,1,1,1,1,4,1,19,"female",0,0
"98",61,"blue_test","test","blue",4.5,5.75,2,5,5,6,6,6,5,6,2.6,2.08333333333333,1,3,2,1,4,2,2,2,3,3,2,2,2,3,2,3,3,4,3,2,4,3,3,2,3,2,2,4,2,4,1,3,2,1,2,1,1,2,2,18,"female",0,0
"99",62,"blue_test","test","blue",4,4.5,3,5,4,4,5,5,4,4,1.9,3,3,2,1,1,2,2,3,2,3,4,3,2,4,2,1,3,2,2,3,2,2,3,2,1,1,2,2,4,4,4,2,2,3,3,3,1,2,4,4,19,"female",0,0
"100",63,"blue_test","test","blue",6.25,3.75,6,5,5,3,7,4,7,3,1.9,3.08333333333333,3,2,2,1,2,2,3,1,3,3,2,2,3,1,1,3,1,3,2,1,2,3,2,2,2,2,3,5,5,5,3,4,3,1,3,1,1,3,3,18,"female",0,0
"101",67,"blue_test","test","blue",5,5.75,5,6,4,5,5,6,6,6,1.6,2.08333333333333,3,2,1,1,2,3,3,1,2,4,1,2,1,1,1,3,2,1,4,1,2,2,2,1,4,2,1,4,4,3,1,1,3,2,2,2,1,1,1,29,"female",0,0
"102",72,"blue_test","test","blue",5.75,4.75,5,3,6,5,6,5,6,6,2.15,2.16666666666667,3,1,2,2,1,3,3,2,4,2,3,2,2,1,2,3,3,2,2,1,2,2,2,3,3,2,3,4,4,2,2,1,3,1,4,1,2,1,1,19,"male",0,0
"103",76,"blue_test","test","blue",4.75,3.5,3,6,6,4,4,3,6,1,2.05,2.41666666666667,4,3,1,2,3,2,3,2,3,4,3,2,4,2,2,3,3,2,3,1,1,3,2,1,1,2,2,4,4,5,1,1,2,2,1,1,1,5,2,20,"male",0,0
"104",79,"blue_test","test","blue",1.5,2.75,3,5,1,2,1,1,1,3,1.66666666666667,2.16666666666667,3,2,1,1,2,3,NA,1,1,1,1,3,NA,3,1,4,1,1,4,2,2,2,NA,4,NA,1,1,4,3,4,2,1,2,2,1,1,1,3,2,18,"female",0,0
"105",80,"blue_test","test","blue",5.5,4.5,5,5,6,5,5,3,6,5,2.8,2.75,2,3,2,2,4,3,3,2,4,3,4,3,3,4,3,3,4,3,3,3,3,2,2,2,2,2,2,3,2,5,3,2,2,2,3,1,2,5,3,18,"female",0,0
"106",82,"blue_test","test","blue",3.25,4.75,2,5,5,6,2,3,4,5,1.26315789473684,2.16666666666667,3,2,1,NA,1,4,4,1,2,4,1,2,4,1,1,4,1,2,4,1,2,1,1,1,1,1,1,4,2,4,1,1,2,1,2,1,1,4,3,19,"female",0,0
"107",83,"blue_test","test","blue",6,4,6,5,6,6,6,2,6,3,2.15,2.83333333333333,4,2,2,1,2,3,2,2,3,4,3,2,3,3,1,3,3,3,2,2,1,2,3,1,2,2,3,4,5,3,4,4,3,2,2,1,2,2,2,21,"female",0,0
"108",88,"blue_test","test","blue",2,3.75,3,5,1,3,3,4,1,3,1.35,1.75,4,1,1,1,1,3,3,2,2,4,1,2,4,1,1,4,2,2,4,1,1,2,2,1,1,1,1,2,3,3,1,1,1,1,3,1,1,2,2,20,"female",0,0
"109",91,"blue_test","test","blue",4.5,4,3,3,6,7,4,2,5,4,1.7,2.41666666666667,3,2,2,1,2,3,3,2,2,4,1,2,4,2,2,4,2,2,3,1,2,2,2,1,1,1,2,2,4,2,1,2,2,2,4,2,3,4,1,20,"female",0,0
"110",96,"blue_test","test","blue",3.5,5.5,3,7,4,6,5,5,2,4,2.05,2.66666666666667,2,3,2,1,2,3,2,2,1,3,2,2,3,2,2,3,1,2,2,2,3,2,3,2,2,2,3,4,4,3,1,4,4,1,4,1,1,4,1,36,"female",0,0
"111",97,"blue_test","test","blue",4.5,5,2,4,4,5,5,5,7,6,2.7,2.25,3,3,3,2,3,2,1,2,4,3,3,2,3,4,2,2,3,2,2,2,2,3,4,2,2,3,3,3,4,2,2,2,1,3,1,1,1,5,2,19,"female",0,0
"112",103,"blue_test","test","blue",5.5,5.25,5,5,5,4,6,6,6,6,1.8,2.91666666666667,3,2,1,2,3,4,3,2,2,3,2,2,3,1,1,3,2,1,3,2,2,1,2,2,2,2,2,3,3,4,3,2,3,2,3,3,4,3,2,45,"female",0,0
"113",108,"blue_test","test","blue",3.5,4.25,5,6,5,6,2,2,2,3,1.35,2.25,2,1,1,1,1,4,4,1,2,4,1,2,3,1,1,4,2,1,4,2,3,1,1,1,2,1,1,4,2,4,1,2,2,1,1,1,2,5,2,18,"female",0,0
"114",110,"blue_test","test","blue",1.75,2.5,1,5,2,1,2,3,2,1,1.45,1,4,1,1,3,1,4,4,2,1,4,2,1,3,1,1,4,1,2,1,1,1,1,1,1,2,1,4,1,1,1,1,1,1,1,1,1,1,1,1,20,"male",0,0
"115",116,"blue_test","test","blue",4.75,3.5,6,6,6,5,4,2,3,1,3,2.83333333333333,2,3,2,1,4,2,2,3,4,3,4,3,2,4,1,2,4,3,2,4,3,3,3,2,3,3,3,5,5,5,3,1,3,3,2,1,1,4,1,17,"female",0,0
"116",118,"blue_test","test","blue",4.25,4.5,6,6,1,2,5,5,5,5,1.95,2.41666666666667,3,3,1,2,2,3,4,2,2,3,2,2,2,3,1,4,2,2,3,2,2,2,1,2,3,1,2,3,4,5,1,1,1,2,4,3,1,2,2,18,"female",0,0
"117",123,"blue_test","test","blue",3,2.5,5,2,2,3,3,3,2,2,1.45,1.66666666666667,3,2,1,2,2,3,3,1,2,4,2,1,3,1,1,4,1,1,4,1,2,2,2,1,2,1,1,2,3,3,1,1,2,1,1,2,1,1,2,29,"male",0,0
"118",128,"blue_test","test","blue",3.5,3.75,5,6,4,3,3,4,2,2,2.35,3.16666666666667,3,2,2,2,3,1,2,1,4,3,2,3,3,2,2,3,2,2,2,2,2,4,3,2,2,2,3,3,4,5,3,2,2,2,2,2,3,5,5,19,"female",0,0
"119",132,"blue_test","test","blue",3,3.25,3,6,1,1,4,3,4,3,1.5,2.58333333333333,3,4,2,1,1,3,4,1,1,4,2,1,4,1,1,4,2,2,3,1,2,2,1,1,1,1,2,4,4,4,2,2,2,2,2,2,2,3,2,22,"female",0,0
"120",137,"blue_test","test","blue",2.75,2.25,1,1,3,2,4,3,3,3,1.3,2.58333333333333,3,2,2,1,1,3,4,1,1,4,1,1,3,1,2,4,1,1,4,1,2,2,1,1,2,1,1,3,4,3,2,1,2,3,3,4,1,3,2,19,"female",0,0
"121",142,"blue_test","test","blue",5.25,5,6,7,4,5,4,2,7,6,2.31578947368421,2.83333333333333,3,3,1,4,2,2,NA,2,3,3,3,2,3,3,2,3,2,2,3,2,2,3,NA,2,2,2,2,5,5,5,3,2,2,2,2,2,1,4,1,21,"female",0,0
"122",143,"blue_test","test","blue",5.25,3.75,4,5,5,5,6,3,6,2,1.55,2.5,4,3,2,1,1,3,3,1,1,3,2,1,4,1,2,3,1,1,3,2,1,2,2,2,1,2,2,4,4,4,1,1,4,3,2,1,1,4,1,26,"female",0,0
"123",148,"blue_test","test","blue",4,3.5,1,5,5,2,6,5,4,2,2.2,1.66666666666667,3,3,1,2,2,1,3,2,1,3,1,4,1,2,3,2,1,1,3,2,2,4,2,2,4,3,2,2,1,2,1,3,1,1,2,2,2,2,1,50,"male",0,0
"124",153,"blue_test","test","blue",1.75,2.25,1,2,1,2,3,3,2,2,1.45,1.58333333333333,4,1,1,1,1,2,3,1,2,4,1,1,3,1,1,1,1,1,3,1,1,3,2,1,2,4,2,2,4,3,1,1,1,1,2,1,1,1,1,44,"male",0,0
"125",157,"blue_test","test","blue",3.75,4.5,3,6,2,5,5,4,5,3,1.85,2.41666666666667,2,2,1,1,2,3,3,1,1,3,1,2,3,3,2,3,3,2,3,1,3,2,2,2,2,2,2,3,1,2,3,1,2,4,2,1,3,4,3,18,"male",0,0
"126",4,"blue_neu","neu","blue",1.75,2.5,2,5,1,1,2,3,2,1,2.5,2.25,3,4,2,1,3,2,2,2,4,3,3,3,3,3,2,3,2,3,2,1,2,3,3,2,2,2,3,3,4,5,2,1,1,1,2,1,1,4,2,20,"female",0,0
"127",5,"blue_neu","neu","blue",5.5,4,6,5,6,7,4,2,6,2,2.65,4.08333333333333,3,3,2,4,3,1,2,2,3,3,3,2,4,3,2,3,2,4,2,3,2,4,3,2,1,2,3,5,5,5,5,4,3,2,4,2,4,5,5,30,"female",0,0
"128",10,"blue_neu","neu","blue",3.25,3.5,5,7,3,1,1,2,4,4,2.35,2.66666666666667,3,2,2,1,3,3,2,2,3,3,3,2,3,3,2,3,3,4,3,2,2,2,3,2,2,2,2,4,4,4,3,1,4,2,2,1,1,4,2,18,"female",0,0
"129",16,"blue_neu","neu","blue",1.5,3.75,3,7,1,2,1,4,1,2,1.6,2.41666666666667,3,1,2,1,2,4,4,2,4,4,2,1,3,1,2,4,2,1,3,1,2,1,1,1,2,1,2,3,4,3,1,2,2,1,3,2,1,4,3,20,"female",0,0
"130",18,"blue_neu","neu","blue",3.25,4.5,2,6,6,7,3,2,2,3,2.25,3,3,3,2,1,2,2,3,3,2,3,4,3,3,2,2,4,2,2,3,3,2,3,2,2,2,1,2,4,5,3,3,1,3,4,2,2,2,4,3,18,"female",0,0
"131",23,"blue_neu","neu","blue",1.75,3.25,3,6,2,2,1,4,1,1,2.75,2.25,3,1,3,1,1,1,2,3,4,2,2,4,1,2,4,2,1,4,1,2,2,4,3,3,4,3,4,3,4,3,1,2,2,1,1,1,1,5,3,22,"female",0,0
"132",27,"blue_neu","neu","blue",3,4,5,7,2,3,4,2,1,4,2.45,2.75,3,2,1,3,2,2,1,4,2,3,2,2,2,2,3,3,3,2,2,2,2,3,4,2,3,2,3,4,4,3,3,2,2,4,2,1,4,2,2,22,"female",0,0
"133",31,"blue_neu","neu","blue",4,3,5,7,7,2,1,2,3,1,1.35,1.5,4,1,1,1,2,4,4,1,2,4,2,1,4,2,1,4,1,2,3,2,1,1,1,1,1,1,2,2,2,2,1,1,2,1,2,1,1,2,1,18,"female",0,0
"134",38,"blue_neu","neu","blue",5,5,5,5,4,4,5,5,6,6,2.25,3.25,1,1,1,2,1,2,1,1,2,1,2,1,1,1,1,1,2,1,1,2,4,3,4,4,4,4,4,4,5,5,4,3,2,2,4,2,1,4,3,22,"female",0,0
"135",41,"blue_neu","neu","blue",1.75,3,3,6,1,1,1,2,2,3,2.25,2.33333333333333,2,3,2,1,2,2,3,2,3,2,2,3,3,2,1,3,4,1,3,2,3,3,2,3,2,2,2,2,3,2,1,4,2,1,3,1,2,4,3,21,"male",0,0
"136",42,"blue_neu","neu","blue",5.25,3.75,3,6,7,2,6,4,5,3,2.1,2.5,3,2,1,1,3,3,3,2,3,3,2,2,3,2,1,2,2,3,2,2,2,2,2,2,2,3,3,4,5,3,2,2,3,2,2,1,1,3,2,18,"male",0,0
"137",48,"blue_neu","neu","blue",3,3,6,6,2,1,1,1,3,4,1.85,2.75,4,3,2,1,2,4,4,2,4,4,3,3,4,3,2,4,2,1,4,2,1,1,1,1,1,1,1,5,4,5,3,2,2,1,3,1,1,4,2,20,"female",0,0
"138",51,"blue_neu","neu","blue",3.25,3.25,7,6,4,1,1,3,1,3,2,2.66666666666667,3,2,1,1,2,3,2,1,4,4,2,2,3,3,1,4,2,3,2,2,2,2,3,1,2,1,3,3,4,5,2,1,2,1,4,1,3,5,1,19,"female",0,0
"139",57,"blue_neu","neu","blue",1.75,4.25,2,2,3,4,1,5,1,6,1.45,2.41666666666667,4,2,1,1,2,3,3,1,2,4,1,1,3,1,1,4,2,2,3,1,1,2,2,1,2,1,2,4,3,4,3,1,3,1,1,1,1,5,2,19,"female",0,0
"140",65,"blue_neu","neu","blue",1.75,3.5,2,2,1,5,3,5,1,2,2.7,4.75,3,3,1,2,4,2,4,4,4,2,3,3,3,2,3,2,2,2,2,4,2,3,1,3,2,3,3,5,5,4,5,5,5,5,5,4,4,5,5,26,"female",0,0
"141",66,"blue_neu","neu","blue",2.25,3.5,5,7,1,1,1,1,2,5,2.05,3.58333333333333,3,2,1,2,2,3,3,2,3,3,3,2,2,3,2,3,1,1,3,2,2,2,2,2,3,2,2,4,5,4,2,1,4,3,5,4,1,5,5,21,"male",0,0
"142",73,"blue_neu","neu","blue",2.5,3.5,2,6,6,5,1,1,1,2,2.05,3.16666666666667,3,3,2,1,2,3,3,2,3,4,3,2,4,3,2,4,3,1,3,3,2,2,2,1,1,1,2,4,5,5,3,2,2,2,3,2,2,5,3,19,"female",0,0
"143",75,"blue_neu","neu","blue",1,5.5,1,4,1,6,1,5,1,7,1.9,3.5,3,2,2,1,2,3,3,1,4,4,3,2,4,3,1,4,3,2,3,1,2,2,2,1,1,1,2,5,4,4,5,4,4,3,3,2,3,4,1,28,"female",0,0
"144",78,"blue_neu","neu","blue",1.5,2.25,3,6,1,1,1,1,1,1,2.5,2.33333333333333,3,2,2,1,3,2,1,2,3,3,4,2,3,2,2,3,3,4,2,2,2,3,4,2,2,2,3,3,1,4,3,2,2,1,1,1,1,5,4,19,"female",0,0
"145",85,"blue_neu","neu","blue",2.25,2.75,2,5,4,2,1,1,2,3,2.35,2,3,3,2,2,1,2,3,2,3,3,3,1,2,3,2,3,3,3,2,2,2,3,2,2,3,2,3,4,4,4,1,1,2,1,2,1,1,2,1,20,"female",0,0
"146",86,"blue_neu","neu","blue",2,3,5,2,1,1,1,5,1,4,2.2,2.75,2,3,2,1,1,3,2,1,4,4,3,3,2,3,1,4,2,3,2,1,3,2,3,1,3,1,3,4,1,4,4,4,5,1,1,1,1,4,3,19,"female",0,0
"147",92,"blue_neu","neu","blue",1.25,3.5,2,4,1,5,1,1,1,4,1.35,2.25,4,3,1,1,2,3,3,1,2,4,1,1,4,2,1,4,1,1,4,1,1,2,2,1,1,1,1,4,1,3,2,2,3,2,2,1,2,4,1,29,"female",0,0
"148",98,"blue_neu","neu","blue",1.75,2.5,4,3,1,5,1,1,1,1,1.7,3.58333333333333,3,2,1,1,2,3,4,2,3,4,1,2,3,2,1,3,2,2,3,1,2,2,1,1,2,2,2,4,5,5,4,3,3,1,4,3,2,5,4,22,"male",0,0
"149",102,"blue_neu","neu","blue",2.75,3,2,6,3,1,4,2,2,3,2.3,2.75,2,2,2,1,1,2,2,3,3,3,2,2,4,2,2,3,3,3,2,3,3,3,3,2,1,2,3,4,5,5,3,4,2,2,1,1,1,4,1,18,"female",0,0
"150",107,"blue_neu","neu","blue",1.25,3.5,2,6,1,1,1,4,1,3,1.75,2.5,3,3,2,2,2,3,3,1,2,4,2,2,3,1,1,3,2,1,3,1,2,2,2,1,2,2,2,4,5,3,1,1,2,2,2,1,1,4,4,18,"female",0,0
"151",112,"blue_neu","neu","blue",2,2.75,2,6,1,1,2,1,3,3,1.78947368421053,3.33333333333333,3,2,1,1,3,2,3,NA,3,4,1,2,2,1,2,4,1,2,3,1,2,3,2,1,3,1,2,5,5,5,1,5,4,1,1,2,1,5,5,20,"female",0,0
"152",117,"blue_neu","neu","blue",1,1.75,1,1,1,2,1,1,1,3,1.6,3,3,2,1,1,2,2,3,1,1,3,1,2,3,2,1,3,1,1,3,1,2,3,2,2,2,2,2,3,4,3,2,1,4,2,3,3,3,4,4,20,"female",0,0
"153",120,"blue_neu","neu","blue",2.25,3.75,3,6,1,1,1,4,4,4,1.95,2.58333333333333,3,2,1,1,2,3,2,2,3,3,2,1,3,2,1,4,2,2,2,3,2,2,3,2,2,1,3,4,3,4,2,2,4,3,2,1,1,3,2,22,"female",0,0
"154",125,"blue_neu","neu","blue",2.25,3.25,5,6,1,2,1,3,2,2,1.6,2.08333333333333,3,2,1,1,2,3,3,1,2,3,1,2,3,1,2,4,2,2,4,1,2,2,2,2,2,1,1,2,4,3,1,1,2,1,3,2,2,3,1,19,"female",0,0
"155",127,"blue_neu","neu","blue",3,2.5,5,2,1,2,5,5,1,1,2,2.16666666666667,3,3,2,1,2,2,3,2,4,4,1,2,4,2,1,3,2,2,3,3,2,3,2,1,1,2,2,3,4,2,1,3,1,1,4,1,1,4,1,19,"female",0,0
"156",134,"blue_neu","neu","blue",5.5,3,7,5,4,1,6,2,5,4,2.61111111111111,2.75,4,2,2,NA,4,2,NA,3,4,3,3,2,3,2,2,3,4,3,2,3,1,3,NA,2,2,2,3,3,5,5,2,1,4,2,2,1,2,5,1,21,"female",0,0
"157",136,"blue_neu","neu","blue",2.25,2.25,5,5,1,2,2,1,1,1,1.95,2,4,3,1,1,3,2,3,2,3,4,2,3,3,2,1,4,2,3,3,1,1,3,2,1,2,1,2,3,4,2,1,1,3,1,2,1,1,3,2,18,"male",0,0
"158",141,"blue_neu","neu","blue",1.25,1.75,1,3,1,1,1,1,2,2,1.9,2.41666666666667,3,2,1,1,2,3,4,2,2,3,2,2,3,3,1,3,3,2,3,2,2,2,1,2,2,2,2,5,4,4,3,2,2,1,2,1,1,3,1,27,"male",0,0
"159",146,"blue_neu","neu","blue",1.5,2.75,3,6,1,2,1,1,1,2,1.9,3.5,4,3,2,2,1,3,3,2,2,3,2,2,4,1,2,3,2,2,3,3,1,2,2,2,1,2,2,4,5,5,5,3,2,2,5,2,1,4,4,21,"female",0,0
"160",150,"blue_neu","neu","blue",2.5,2.5,2,3,1,1,3,2,4,4,2.05,2.66666666666667,3,2,1,2,2,3,4,2,3,3,2,2,3,4,1,3,3,2,3,2,2,2,1,2,2,2,2,4,4,4,2,2,2,1,3,2,1,4,3,19,"male",0,0
"161",151,"blue_neu","neu","blue",3.25,2.75,6,7,3,2,1,1,3,1,1.8,2.16666666666667,4,2,2,1,3,2,3,2,2,4,1,1,3,3,2,4,1,2,3,2,1,3,2,1,2,1,2,3,4,4,2,2,1,1,4,1,1,1,2,19,"female",0,0
"162",155,"blue_neu","neu","blue",1.75,1.5,1,2,3,2,1,1,2,1,1.75,2.91666666666667,3,2,2,1,2,3,4,2,3,4,2,1,4,2,2,4,3,1,3,2,2,2,1,1,1,1,2,4,4,4,3,2,3,2,3,2,3,3,2,18,"female",0,0
"163",160,"blue_neu","neu","blue",3,3.75,6,7,3,3,2,3,1,2,2,3.33333333333333,4,2,2,2,3,3,2,2,3,4,2,2,4,2,2,3,2,2,3,2,1,2,3,1,1,2,2,5,4,4,2,3,4,2,3,2,3,5,3,19,"female",0,0
"164",163,"blue_neu","neu","blue",1.75,2.75,3,6,2,1,1,1,1,3,1.9,1.91666666666667,3,2,3,1,2,3,3,2,2,4,2,1,3,3,2,4,2,2,3,2,2,2,2,1,2,1,2,3,4,4,1,1,1,1,2,1,1,3,1,19,"female",0,0
"165",173,"red_test","test","red",4.5,3.5,5,6,4,4,5,2,4,2,2.35,2.66666666666667,2,3,1,2,3,2,3,2,3,2,3,2,3,4,2,3,2,1,3,2,3,3,2,3,2,2,2,4,3,4,2,2,3,2,2,1,2,3,4,19,"male",2,2
"166",177,"red_test","test","red",5.25,4.75,2,6,6,1,7,6,6,6,1.95,2.75,3,2,2,1,1,3,2,1,4,3,3,1,4,2,1,4,4,3,4,2,2,2,3,2,1,1,1,4,4,5,3,1,3,1,4,1,1,5,1,21,"female",2,2
"167",181,"red_test","test","red",6.25,6.25,7,7,6,6,6,6,6,6,2.2,2.91666666666667,2,3,1,2,1,2,2,1,2,2,2,2,2,2,2,2,2,2,2,1,3,3,3,3,3,3,3,5,4,4,2,3,5,3,3,1,1,3,1,40,"female",2,2
"168",185,"red_test","test","red",5.25,4.25,3,5,7,1,6,7,5,4,2.1,4.25,2,3,2,2,1,2,2,3,2,2,2,1,4,1,2,3,1,2,3,3,3,3,3,3,1,2,2,5,5,5,5,4,4,2,5,1,5,5,5,50,"female",2,2
"169",189,"red_test","test","red",4.25,2.25,4,2,4,3,5,3,4,1,2.2,2.58333333333333,2,2,2,2,2,3,3,2,4,3,3,2,3,2,2,3,3,2,4,2,3,2,2,2,2,2,1,3,4,4,2,2,2,2,3,2,1,4,2,18,"female",2,2
"170",193,"red_test","test","red",4.25,4.25,5,6,5,5,3,2,4,4,1.35,2.75,4,2,1,1,1,3,3,2,2,4,1,1,4,2,1,4,1,1,4,2,1,2,2,1,1,1,1,4,3,2,2,4,3,3,2,2,2,3,3,19,"female",2,2
"171",197,"red_test","test","red",4.75,4.5,4,6,3,5,6,3,6,4,2.6,3.08333333333333,3,3,2,2,3,1,3,2,2,2,3,2,2,2,2,2,3,2,1,3,2,4,2,3,3,3,4,5,4,4,1,2,3,3,4,2,3,3,3,32,"female",2,2
"172",201,"red_test","test","red",4,5.5,4,7,4,6,3,4,5,5,1.65,2.58333333333333,3,2,1,1,1,2,3,2,2,3,2,2,4,1,1,3,2,1,3,1,2,3,2,2,1,2,2,4,4,4,1,1,4,3,2,1,1,5,1,22,"female",2,2
"173",205,"red_test","test","red",3.75,4,4,6,3,3,5,4,3,3,1.6,2.75,4,2,2,1,2,4,3,1,3,4,1,2,4,2,2,4,3,1,4,2,1,1,2,1,1,1,1,3,5,3,3,4,3,2,2,1,2,3,2,23,"female",2,2
"174",209,"red_test","test","red",3.75,3.5,3,6,5,4,4,2,3,2,1.85,2.25,3,3,1,1,1,2,3,2,2,3,2,2,3,1,2,3,1,2,3,2,2,3,2,2,2,2,2,3,4,4,1,1,2,1,3,2,1,4,1,23,"female",2,2
"175",213,"red_test","test","red",3.75,4.75,1,3,7,6,4,6,3,4,1.7,2.66666666666667,4,4,2,1,1,2,3,2,1,4,1,2,4,2,3,4,2,1,4,2,1,3,2,1,1,1,1,5,5,5,4,3,3,1,2,1,1,1,1,21,"female",2,2
"176",223,"red_test","test","red",4.75,3.5,5,6,3,4,5,2,6,2,1.8,2.66666666666667,3,2,1,1,2,3,2,2,3,4,2,2,3,2,1,4,2,1,3,2,2,2,3,1,2,1,2,4,2,3,2,4,2,1,3,2,1,4,4,23,"female",2,2
"177",225,"red_test","test","red",5,4.75,2,1,5,4,6,7,7,7,2.5,2.58333333333333,3,2,2,1,2,2,2,3,3,3,2,2,3,4,2,3,3,3,2,4,2,3,3,2,2,2,3,4,5,4,2,1,1,2,2,1,2,4,3,20,"female",2,2
"178",226,"red_test","test","red",3,4,2,2,4,5,4,4,2,5,1.45,2.16666666666667,4,3,1,1,1,2,3,2,2,4,1,1,4,1,1,4,2,1,4,2,1,3,2,1,1,1,1,3,2,4,2,1,3,2,2,1,1,4,1,21,"female",2,2
"179",230,"red_test","test","red",5,5.5,3,7,6,7,6,4,5,4,1.3,3.08333333333333,4,2,1,1,2,3,4,1,2,4,1,1,4,1,1,4,2,1,4,2,1,2,1,1,1,1,1,4,4,4,5,5,2,2,2,1,1,4,3,24,"female",2,2
"180",234,"red_test","test","red",4.75,4.75,4,6,3,5,7,5,5,3,1.75,2.16666666666667,4,3,2,1,2,2,3,2,1,3,1,2,3,2,2,3,1,1,4,2,1,3,2,2,2,2,1,3,4,4,2,1,2,1,2,1,1,3,2,24,"female",2,2
"181",235,"red_test","test","red",4.75,6,2,6,6,6,5,6,6,6,1.8,1.75,3,2,2,2,1,3,4,2,2,4,2,3,3,2,2,3,2,2,4,1,2,2,1,1,2,2,1,4,3,2,1,1,2,1,1,1,1,3,1,21,"female",2,2
"182",243,"red_test","test","red",4.75,4.5,5,6,6,6,4,3,4,3,1.65,2.91666666666667,4,2,1,1,1,3,2,2,2,4,1,3,4,1,1,4,4,2,3,1,1,2,3,1,1,1,2,4,4,2,2,5,3,2,4,2,2,2,3,21,"male",2,2
"183",251,"red_test","test","red",5.75,5.25,7,7,5,6,6,4,5,4,2.1,3.5,3,2,2,1,2,3,3,2,3,4,2,3,3,4,1,4,2,3,3,3,2,2,2,1,2,1,2,5,5,4,3,4,3,2,3,2,1,5,5,19,"female",2,2
"184",255,"red_test","test","red",5.75,5.75,6,6,6,6,6,6,5,5,2.31578947368421,3.33333333333333,3,3,2,1,2,3,3,3,3,4,4,3,4,3,NA,3,3,2,3,3,2,2,2,1,1,2,2,5,5,5,3,4,4,2,2,1,1,4,4,23,"female",2,2
"185",259,"red_test","test","red",5.75,5.75,6,7,3,6,7,5,7,5,2.45,3.58333333333333,2,2,2,1,2,2,2,3,3,3,3,4,3,3,1,4,2,4,2,2,3,3,3,2,2,1,3,5,5,5,1,2,5,2,4,3,2,5,4,28,"female",2,2
"186",264,"red_test","test","red",4.25,2.75,2,6,4,2,5,1,6,2,1.3,1.66666666666667,2,1,1,1,1,1,4,1,2,4,1,1,4,1,1,4,1,1,4,1,3,4,1,1,1,1,1,1,2,3,1,2,2,1,3,1,2,1,1,22,"female",2,2
"187",268,"red_test","test","red",4.5,5.75,3,7,6,6,7,5,2,5,2.7,3.5,3,3,2,1,2,1,1,2,3,3,2,3,2,3,2,2,2,3,1,4,2,4,4,2,3,3,4,3,4,4,4,4,2,4,3,2,2,5,5,21,"female",2,2
"188",272,"red_test","test","red",3.5,2.75,4,5,5,2,2,2,3,2,2.6,2.16666666666667,2,2,1,2,3,2,2,3,4,3,3,4,2,4,2,3,2,2,3,2,3,3,3,2,3,2,2,3,4,2,1,2,3,2,1,1,3,2,2,26,"male",2,2
"189",276,"red_test","test","red",6,4.25,5,6,5,5,7,3,7,3,2.26315789473684,3,3,2,2,2,2,2,2,NA,2,3,3,2,2,3,1,3,2,2,3,3,2,3,3,2,3,2,2,5,5,5,1,3,2,1,4,1,2,5,2,19,"female",2,2
"190",280,"red_test","test","red",5.25,6,5,7,7,7,5,3,4,7,1.4,4.58333333333333,4,2,2,1,1,3,3,1,2,4,1,2,4,1,1,4,1,1,3,2,1,2,2,1,1,1,2,5,5,4,5,5,5,5,4,2,5,5,5,25,"female",2,2
"191",284,"red_test","test","red",3.5,4.75,5,6,5,2,1,6,3,5,1.9,3,3,2,1,2,1,4,4,2,3,3,3,2,3,3,2,3,3,2,4,1,2,1,1,2,2,2,1,5,5,4,5,5,2,2,3,1,1,1,2,21,"male",2,2
"192",288,"red_test","test","red",4,3.5,6,6,4,3,4,2,2,3,2.35,2.83333333333333,2,2,2,2,2,3,3,2,3,3,3,2,2,3,2,3,3,2,3,3,3,2,2,2,3,2,2,4,4,5,2,4,2,2,2,2,2,3,2,19,"female",2,2
"193",294,"red_test","test","red",5.5,2.25,6,4,6,2,5,1,5,2,1.45,1.91666666666667,3,2,2,1,1,3,3,1,1,4,1,2,4,2,1,4,1,1,3,2,2,2,2,1,1,1,2,4,3,4,1,1,2,1,2,1,1,2,1,23,"female",2,2
"194",298,"red_test","test","red",5.25,5.5,3,7,7,7,5,3,6,5,2.1,1.91666666666667,3,2,2,3,1,3,4,2,2,2,2,2,3,1,2,3,2,4,3,3,2,2,1,3,2,2,2,2,2,3,1,1,2,1,1,1,1,5,3,30,"male",2,2
"195",302,"red_test","test","red",4.5,5,1,4,6,5,6,6,5,5,2.1,3.41666666666667,2,3,4,1,2,2,3,3,2,4,1,2,2,2,1,3,2,1,3,2,3,3,2,1,3,2,2,5,5,5,3,5,4,2,3,2,3,2,2,22,"female",2,2
"196",305,"red_test","test","red",3.75,3.25,6,5,4,4,2,2,3,2,2.4,2.16666666666667,2,3,3,2,1,2,4,3,3,2,4,3,3,1,3,3,3,1,4,3,3,3,1,3,2,2,1,3,2,4,2,1,3,1,2,1,1,4,2,23,"male",2,2
"197",309,"red_test","test","red",4.75,3.5,2,6,5,4,6,2,6,2,1.2,1.5,4,2,1,1,1,3,4,1,1,4,1,1,4,2,1,4,2,1,4,1,1,2,1,1,1,1,1,3,2,2,1,2,1,1,1,1,1,2,1,25,"female",2,2
"198",167,"red_neu","neu","red",2.75,4,2,6,1,3,4,2,4,5,2.9,3.16666666666667,2,3,2,2,1,2,2,4,4,3,4,2,3,4,2,2,4,4,2,3,3,3,3,2,2,3,3,5,5,5,3,2,4,3,2,2,2,4,1,20,"female",2,2
"199",172,"red_neu","neu","red",3.5,3.5,2,7,1,2,6,4,5,1,2.10526315789474,3.25,4,4,2,2,1,3,3,2,3,4,3,2,4,3,2,3,2,3,NA,2,1,2,2,1,1,2,NA,5,5,5,3,3,3,3,3,1,1,5,2,21,"female",2,2
"200",176,"red_neu","neu","red",2,3,3,6,1,4,3,1,1,1,2.25,2.33333333333333,2,3,2,3,2,2,3,2,1,2,2,1,3,1,2,3,3,2,2,3,3,3,2,3,2,2,3,4,2,3,4,1,1,1,2,3,1,4,2,19,"male",2,2
"201",180,"red_neu","neu","red",2,4,2,5,1,3,1,4,4,4,1.55,3.33333333333333,3,2,2,1,1,3,3,2,2,4,2,1,4,2,1,4,2,2,4,1,2,2,2,1,1,1,1,4,5,3,1,3,3,4,4,2,2,5,4,20,"female",2,2
"202",184,"red_neu","neu","red",4.25,3.5,2,6,4,3,6,2,5,3,2.35,2.91666666666667,2,2,1,1,3,3,2,3,2,3,1,2,3,3,3,2,1,3,2,4,3,2,3,2,2,3,3,4,5,2,2,4,3,2,3,2,1,4,3,19,"male",2,2
"203",188,"red_neu","neu","red",2.5,3,2,5,1,1,4,4,3,2,1.95,2.33333333333333,3,4,2,1,3,2,2,1,3,3,1,2,4,1,2,4,2,1,3,2,2,3,3,2,1,1,2,5,4,3,2,2,2,1,1,1,1,4,2,20,"female",2,2
"204",192,"red_neu","neu","red",4,4.25,5,6,6,6,2,1,3,4,2.45,2.58333333333333,3,2,1,2,2,2,3,1,4,2,3,3,2,3,2,2,3,1,2,3,2,3,2,3,3,3,3,4,5,4,1,1,3,1,2,3,1,4,2,19,"male",2,2
"205",196,"red_neu","neu","red",3.25,3.5,4,6,3,1,2,5,4,2,2.45,3.33333333333333,2,3,1,3,3,2,3,2,1,2,3,2,2,3,2,2,1,3,2,2,3,3,2,3,3,3,3,5,4,4,4,4,3,2,3,1,2,4,4,24,"male",2,2
"206",200,"red_neu","neu","red",2,2,3,4,1,1,2,1,2,2,2,3.41666666666667,3,2,2,1,1,3,2,2,2,3,2,2,3,2,2,3,2,3,3,2,2,2,3,2,2,2,2,5,5,5,3,2,3,2,4,1,2,5,4,18,"female",2,2
"207",204,"red_neu","neu","red",3,3.25,5,4,2,2,3,4,2,3,2.75,2.66666666666667,2,4,2,1,2,2,2,2,3,2,4,2,2,2,3,2,2,3,1,3,3,3,3,3,3,3,4,3,3,4,1,4,4,3,2,2,2,2,2,25,"male",2,2
"208",208,"red_neu","neu","red",2.25,3.5,3,5,2,2,2,3,2,4,1.7,3,4,2,1,1,2,3,3,1,3,4,2,2,3,2,1,4,2,2,3,2,1,2,2,1,2,1,2,4,4,3,2,4,3,1,3,2,3,5,2,25,"female",2,2
"209",212,"red_neu","neu","red",1.75,2.75,3,6,1,2,1,2,2,1,1.55,2.25,4,2,1,1,1,4,4,2,3,4,2,2,4,3,1,4,2,2,4,2,1,1,1,1,1,1,1,2,4,4,1,2,1,1,3,1,1,4,3,23,"female",2,2
"210",218,"red_neu","neu","red",3.25,3.5,7,6,3,2,2,4,1,2,1.65,2,3,2,1,1,1,3,3,1,2,3,2,2,3,2,2,3,1,1,3,1,2,2,2,2,2,2,2,3,3,4,2,1,1,1,1,1,1,4,2,20,"male",2,2
"211",228,"red_neu","neu","red",1.5,2.75,3,7,1,1,1,1,1,2,1.45,2.08333333333333,3,2,1,1,2,3,4,1,2,4,1,2,3,2,1,4,2,1,4,1,2,2,1,1,2,1,1,3,2,3,1,1,2,2,3,1,1,4,2,22,"female",2,2
"212",232,"red_neu","neu","red",1.5,3,2,6,1,2,1,1,2,3,1.6,2.58333333333333,4,3,2,1,1,2,3,2,2,4,2,1,4,1,1,4,1,2,3,2,1,3,2,1,1,1,2,4,3,4,2,5,3,1,2,1,2,3,1,18,"female",2,2
"213",236,"red_neu","neu","red",2.25,2.25,1,1,1,1,1,1,6,6,1.55,3.33333333333333,4,3,1,1,2,2,4,1,2,4,2,2,3,2,1,4,1,1,4,2,1,3,1,1,2,1,1,5,5,5,3,3,3,2,3,2,2,4,3,21,"female",2,2
"214",238,"red_neu","neu","red",4.75,2.25,7,5,2,1,4,1,6,2,2.85,2.41666666666667,3,3,2,2,3,2,2,3,4,3,3,2,2,3,3,3,3,4,2,4,2,3,3,2,3,2,3,4,4,4,1,3,1,2,4,1,1,3,1,23,"male",2,2
"215",239,"red_neu","neu","red",2.25,2.5,2,6,5,2,1,1,1,1,2.63157894736842,2.41666666666667,2,2,2,NA,3,2,2,3,3,2,2,2,2,2,3,3,2,3,3,4,3,3,3,3,3,2,2,2,3,4,2,2,2,2,4,2,2,3,1,23,"male",2,2
"216",242,"red_neu","neu","red",1.5,2.75,2,3,1,4,1,1,2,3,2.85,3.66666666666667,2,1,2,3,2,3,1,2,3,2,4,3,3,4,2,1,2,4,1,3,3,2,4,3,2,4,4,5,4,4,3,2,5,4,3,2,4,4,4,33,"male",2,2
"217",246,"red_neu","neu","red",2.5,3.25,6,7,2,3,1,1,1,2,1.65,2.66666666666667,3,3,1,1,2,3,4,1,3,4,1,3,3,1,2,4,2,1,3,1,2,2,1,1,2,1,2,3,2,3,3,2,4,2,1,3,3,4,2,25,"female",2,2
"218",254,"red_neu","neu","red",3.5,2.5,5,6,3,1,5,1,1,2,2,3.58333333333333,3,2,2,2,2,3,3,2,2,3,2,2,3,2,2,3,2,2,3,2,2,2,2,2,2,2,2,5,4,5,2,2,5,3,4,4,2,4,3,31,"male",2,2
"219",257,"red_neu","neu","red",2.25,4,2,7,3,2,2,4,2,3,2.6,1.91666666666667,3,1,1,2,3,4,1,1,2,1,2,3,1,1,3,1,1,4,1,5,2,1,4,4,4,4,4,5,4,2,1,2,1,2,1,1,1,2,1,33,"female",2,2
"220",262,"red_neu","neu","red",2.25,5,2,6,5,2,1,6,1,6,2.6,2.41666666666667,4,2,3,3,2,1,3,3,3,3,4,2,1,3,3,3,2,1,3,4,1,4,2,2,4,2,2,2,2,2,5,4,2,2,1,1,1,4,3,20,"female",2,2
"221",265,"red_neu","neu","red",2,2,1,4,1,2,3,1,3,1,1.45,1.41666666666667,3,2,1,1,1,3,3,1,1,3,1,1,3,1,1,3,2,1,3,1,2,2,2,2,2,2,2,2,2,2,1,1,1,1,1,1,1,3,1,20,"female",2,2
"222",270,"red_neu","neu","red",2.5,3,2,7,1,2,4,1,3,2,1.75,1.75,4,3,1,1,1,2,3,2,3,3,2,1,4,2,2,4,1,1,2,2,1,3,2,2,1,1,3,1,3,2,1,1,2,1,1,1,1,4,3,27,"male",2,2
"223",274,"red_neu","neu","red",2.75,3.25,5,6,1,2,3,4,2,1,2.25,4,3,2,2,1,1,1,2,2,1,3,2,2,3,1,4,4,3,3,2,4,2,4,3,2,2,1,3,5,5,5,2,4,4,3,4,4,4,5,3,24,"female",2,2
"224",278,"red_neu","neu","red",4,4.25,5,6,2,3,4,5,5,3,2.65,2.16666666666667,3,3,2,3,3,2,3,2,2,3,3,3,2,3,3,2,3,3,2,2,2,3,2,2,3,3,3,4,4,4,3,1,2,2,2,1,1,1,1,27,"male",2,2
"225",282,"red_neu","neu","red",1.5,3,3,4,1,1,1,5,1,2,2.15,2.33333333333333,3,2,2,2,2,3,3,3,2,3,3,2,3,3,2,3,2,3,3,1,2,2,2,2,2,2,2,5,2,3,1,3,2,1,5,2,1,2,1,21,"female",2,2
"226",286,"red_neu","neu","red",1.5,4.25,3,6,1,3,1,4,1,4,2.4,1.66666666666667,4,2,2,3,1,3,2,4,4,4,3,3,2,2,2,3,3,2,3,3,1,2,3,1,3,2,2,3,2,3,1,1,2,1,3,1,1,1,1,24,"male",2,2
"227",290,"red_neu","neu","red",3,4,3,6,6,6,1,2,2,2,2,2,2,3,2,2,1,3,2,2,2,NA,2,1,3,1,2,3,1,3,2,1,3,2,3,NA,2,2,3,5,1,3,1,2,1,2,1,1,1,4,2,21,"female",2,2
"228",295,"red_neu","neu","red",2.5,3.25,4,6,2,2,3,2,1,3,2.1,2.5,3,2,2,1,2,2,3,2,2,3,1,4,2,1,2,3,2,2,2,2,2,3,2,2,3,2,3,4,4,3,2,3,3,1,1,1,1,4,3,24,"female",2,2
"229",299,"red_neu","neu","red",3.25,3.75,4,6,2,3,5,2,2,4,2.15,3.41666666666667,4,3,2,1,2,3,3,2,4,4,3,2,2,3,1,4,2,3,3,3,1,2,2,1,3,1,2,5,4,4,3,4,3,2,5,3,2,5,1,19,"female",2,2
"230",303,"red_neu","neu","red",2.5,4,2,6,1,5,6,2,1,3,2.7,4.33333333333333,2,3,2,2,1,2,2,3,4,2,3,3,3,3,3,3,3,2,3,4,3,3,3,3,2,2,2,5,5,5,5,4,5,4,4,2,4,4,5,20,"female",2,2
"231",307,"red_neu","neu","red",1.75,2.75,3,6,2,2,1,2,1,1,1.4,2.83333333333333,4,3,1,1,2,2,2,1,1,4,1,1,4,1,1,4,1,1,3,1,1,3,3,1,1,1,2,5,5,3,2,4,2,3,3,1,1,4,1,27,"female",2,2
"232",164,"blue_test","test","blue",3.25,3,6,5,2,3,2,2,3,2,2.2,2.75,2,3,2,2,2,2,3,1,2,2,2,2,2,2,2,3,2,2,3,2,3,3,2,3,3,2,2,4,3,4,2,4,3,3,2,1,1,4,2,18,"female",2,2
"233",168,"blue_test","test","blue",3.75,4.25,3,5,4,6,5,4,3,2,1.9,2.08333333333333,3,4,2,1,2,3,3,2,2,3,2,2,4,2,2,4,1,2,3,2,2,2,2,2,1,1,2,5,3,4,1,1,2,1,1,1,1,4,1,22,"female",2,2
"234",171,"blue_test","test","blue",4,3.75,4,6,3,5,6,3,3,1,1.95,2,3,2,2,1,2,2,3,2,2,4,2,2,4,3,2,3,2,2,3,2,2,3,2,1,1,2,2,3,2,3,1,1,2,2,2,1,1,4,2,27,"female",2,2
"235",175,"blue_test","test","blue",3.5,6,6,6,2,6,2,5,4,7,2.1,2.66666666666667,3,3,2,1,2,1,3,2,2,4,2,3,4,2,2,4,2,3,2,2,2,4,2,1,1,1,3,4,5,5,2,2,3,3,2,1,1,3,1,19,"female",2,2
"236",179,"blue_test","test","blue",4.75,5.25,3,6,6,7,5,4,5,4,2.9,3,3,4,3,3,4,2,3,3,4,2,3,4,3,2,3,2,4,2,2,1,2,3,2,3,2,3,3,4,5,5,5,1,2,1,4,1,1,4,3,19,"female",2,2
"237",183,"blue_test","test","blue",7,5.75,7,5,7,6,7,5,7,7,1.73684210526316,3,3,2,1,2,2,2,NA,1,1,2,3,1,4,2,1,3,1,1,4,3,2,3,NA,3,1,2,1,5,4,5,1,1,3,1,5,5,2,3,1,35,"male",2,2
"238",187,"blue_test","test","blue",4.5,5.5,6,6,4,6,4,5,4,5,2.45,3.5,3,4,2,2,3,2,3,2,3,3,3,3,3,2,2,3,3,3,3,2,2,3,2,2,2,2,2,5,5,3,4,4,3,2,4,2,3,4,3,21,"female",2,2
"239",191,"blue_test","test","blue",2.5,3,1,2,3,3,3,3,3,4,1.6,1.83333333333333,2,2,1,2,3,3,4,2,1,4,2,1,3,1,1,4,1,2,3,1,3,2,1,1,2,1,2,2,4,3,1,1,2,2,2,1,1,2,1,19,"male",2,2
"240",199,"blue_test","test","blue",3.5,3.75,2,3,4,5,3,3,5,4,3.05,3.75,2,1,3,3,2,2,1,3,2,1,4,4,3,3,2,1,2,4,1,4,3,3,4,4,2,4,4,5,4,4,4,2,5,3,3,2,4,5,4,35,"male",2,2
"241",203,"blue_test","test","blue",4.25,4.75,5,5,4,5,4,4,4,5,2,2.66666666666667,3,2,2,1,2,2,3,2,3,3,2,2,3,2,2,3,2,2,3,1,2,3,2,2,2,2,2,5,4,4,2,2,2,2,2,2,2,3,2,22,"female",2,2
"242",207,"blue_test","test","blue",4.25,2.5,6,5,5,3,3,1,3,1,2.1,2.75,2,4,2,1,2,3,3,2,3,3,1,2,3,1,2,3,1,2,2,3,3,2,2,2,2,2,3,4,5,4,2,2,3,1,4,1,1,3,3,18,"female",2,2
"243",211,"blue_test","test","blue",2.75,3.25,3,4,4,6,2,2,2,1,2.3,1.75,2,2,3,3,3,3,2,3,2,2,1,1,2,1,2,2,1,1,1,2,3,2,3,3,3,3,4,2,2,3,1,1,3,1,1,1,1,3,2,20,"female",2,2
"244",215,"blue_test","test","blue",4.75,5,4,5,3,4,5,5,7,6,2,2.41666666666667,3,3,2,2,2,3,3,2,3,3,2,2,3,2,2,4,2,1,3,2,2,2,2,2,2,1,2,4,3,5,2,3,2,2,1,1,1,3,2,23,"female",2,2
"245",219,"blue_test","test","blue",2.5,3.75,2,6,3,5,3,3,2,1,1.63157894736842,2,3,2,1,1,2,4,NA,2,2,4,3,1,3,2,2,4,2,1,4,2,2,1,NA,1,2,1,1,2,2,3,1,2,1,2,1,2,1,4,3,21,"male",2,2
"246",222,"blue_test","test","blue",4.25,4,2,6,5,3,4,2,6,5,1.15,1.66666666666667,4,1,1,1,1,4,4,1,2,4,2,1,4,2,1,4,1,1,4,1,1,1,1,1,1,1,1,2,2,1,1,1,2,1,2,1,1,4,2,19,"female",2,2
"247",224,"blue_test","test","blue",5.75,5,6,6,6,6,6,4,5,4,2.6,4.08333333333333,3,3,3,2,2,2,1,2,1,3,3,3,2,3,3,3,2,3,2,3,2,3,4,2,3,2,3,5,5,5,4,4,4,4,4,3,3,5,3,27,"male",2,2
"248",229,"blue_test","test","blue",4,4.5,3,6,5,6,5,4,3,2,1.31578947368421,2.16666666666667,4,2,1,1,1,3,4,1,2,4,2,1,4,NA,2,4,1,1,4,2,1,2,1,1,1,1,1,3,4,4,1,1,3,1,4,2,1,1,1,29,"female",2,2
"249",233,"blue_test","test","blue",5,3.75,4,6,5,4,7,3,4,2,2.45,2.25,3,2,2,2,4,3,2,2,4,3,3,3,3,2,2,3,3,4,3,1,2,2,3,2,2,2,2,4,4,4,1,1,1,1,1,1,1,5,3,22,"female",2,2
"250",237,"blue_test","test","blue",5,5.5,2,5,6,6,6,5,6,6,2.15,3.25,3,2,1,1,3,2,3,3,2,3,2,2,2,1,2,3,3,2,3,3,2,3,2,2,3,2,2,5,4,5,5,4,3,3,4,2,1,2,1,24,"male",2,2
"251",241,"blue_test","test","blue",4.75,4.75,3,5,6,6,4,3,6,5,1.8,2.08333333333333,3,2,1,1,1,3,2,4,3,3,1,1,3,2,1,4,1,2,3,2,2,2,3,2,2,1,2,2,3,2,2,1,2,2,2,2,2,4,1,22,"male",2,2
"252",244,"blue_test","test","blue",5,3,5,6,4,1,6,3,5,2,2.65,2.16666666666667,3,3,3,2,2,3,2,4,4,3,4,2,3,3,2,3,4,3,3,2,2,2,3,2,2,2,2,4,2,1,2,3,1,1,4,1,2,4,1,21,"female",2,2
"253",247,"blue_test","test","blue",3.75,3.25,1,4,3,2,6,4,5,3,1.5,2.5,3,2,1,1,1,3,3,1,2,4,2,3,4,1,1,4,2,2,4,1,2,2,2,1,1,1,1,3,2,4,2,4,2,2,2,1,1,5,2,20,"female",2,2
"254",248,"blue_test","test","blue",4.5,4.75,4,5,3,3,5,5,6,6,2.6,2.25,2,3,1,2,2,2,2,1,4,2,2,2,2,3,2,2,3,3,2,3,3,3,3,3,3,3,3,2,3,3,2,2,2,2,3,2,2,2,2,25,"male",2,2
"255",250,"blue_test","test","blue",5.75,4.75,6,7,6,7,5,2,6,3,1.75,3.25,4,2,2,1,3,3,2,1,2,4,1,2,4,2,2,4,1,2,2,2,1,2,3,1,1,1,3,4,1,5,2,3,5,2,3,5,2,5,2,20,"female",2,2
"256",252,"blue_test","test","blue",2.5,3.5,3,6,4,4,2,2,1,2,2.15,1.75,2,2,2,1,2,3,2,2,2,2,2,2,1,1,2,2,2,1,3,2,3,2,3,3,4,3,2,2,2,2,2,1,2,1,2,1,2,3,1,28,"male",2,2
"257",260,"blue_test","test","blue",5.5,3.75,5,6,4,3,6,2,7,4,1.7,2.58333333333333,3,2,2,1,1,3,3,1,2,3,1,1,3,2,2,3,2,1,4,3,2,2,2,2,2,2,1,4,4,4,2,4,3,2,2,1,1,3,1,24,"male",2,2
"258",263,"blue_test","test","blue",3.25,3.5,4,6,2,3,6,3,1,2,1.8,1.41666666666667,3,2,1,1,1,2,2,1,3,3,3,1,3,1,1,3,2,1,2,1,2,3,3,2,2,2,3,2,2,3,1,1,1,1,1,2,1,1,1,19,"female",2,2
"259",267,"blue_test","test","blue",4.5,4.5,4,6,3,2,5,4,6,6,1.75,2.16666666666667,3,2,1,2,1,3,3,2,2,3,3,2,4,2,2,4,1,1,3,2,2,2,2,2,1,1,2,4,4,3,1,1,2,2,3,1,1,3,1,19,"female",2,2
"260",271,"blue_test","test","blue",4.75,3.5,6,6,3,2,5,3,5,3,1.85,2.83333333333333,4,2,1,1,3,2,3,2,2,3,2,2,3,2,1,4,2,1,2,2,1,3,2,2,2,1,3,4,4,4,4,2,2,1,4,1,1,4,3,20,"female",2,2
"261",275,"blue_test","test","blue",5.5,5.25,1,1,7,6,7,7,7,7,3.55,3.91666666666667,2,4,4,3,3,1,1,4,4,2,4,2,2,4,3,2,4,4,1,4,3,4,4,3,3,3,4,5,5,5,4,4,3,2,5,4,4,4,2,19,"female",2,2
"262",277,"blue_test","test","blue",4.25,4,5,6,2,3,7,2,3,5,2,2.83333333333333,3,2,2,1,2,3,3,2,2,3,1,2,2,3,2,3,2,2,3,2,2,2,2,2,3,2,2,4,5,4,3,1,4,1,3,1,2,4,2,22,"female",2,2
"263",281,"blue_test","test","blue",4.25,4.5,2,3,5,5,5,5,5,5,1.95,2.41666666666667,2,1,1,1,1,1,2,1,1,4,4,4,2,1,1,4,1,2,2,2,3,4,3,1,3,1,3,4,3,2,2,2,4,2,2,2,2,3,1,27,"female",2,2
"264",285,"blue_test","test","blue",4.75,3.5,6,7,3,2,5,2,5,3,1.6,2.91666666666667,3,2,2,1,1,4,3,2,2,3,2,1,4,2,2,4,1,2,3,1,2,1,2,2,1,1,2,4,5,5,2,1,2,2,4,2,3,4,1,20,"female",2,2
"265",289,"blue_test","test","blue",4.25,3,6,5,6,4,3,1,2,2,2.1,2.91666666666667,4,4,2,2,1,2,3,2,3,4,2,2,3,4,2,4,2,3,3,1,1,3,2,1,2,1,2,4,4,4,3,1,4,3,3,2,1,4,2,19,"female",2,2
"266",293,"blue_test","test","blue",4.25,4.5,5,6,4,6,5,3,3,3,1.45,2.16666666666667,4,2,1,1,2,4,4,2,2,4,2,2,4,2,1,4,1,2,4,2,1,1,1,1,1,1,1,4,3,2,2,2,3,1,2,1,2,2,2,25,"male",2,2
"267",297,"blue_test","test","blue",4.75,5,2,6,6,4,5,6,6,4,1.9,2,3,2,3,1,1,3,3,2,2,4,2,1,4,1,3,3,2,3,2,2,2,2,2,1,1,2,3,3,4,4,1,2,2,3,1,1,1,1,1,19,"female",2,2
"268",301,"blue_test","test","blue",4.75,5,3,5,6,6,4,3,6,6,2.2,3,2,3,3,1,3,2,2,3,3,4,1,2,2,1,1,4,2,2,2,2,3,3,3,1,3,1,3,4,4,5,2,2,4,2,2,2,2,4,3,22,"female",2,2
"269",306,"blue_test","test","blue",4,4.75,2,4,6,5,6,6,2,4,1.45,2.58333333333333,4,2,1,1,2,3,3,2,2,4,1,1,3,1,1,4,1,2,4,2,1,2,2,1,2,1,1,2,4,4,3,1,2,2,4,2,2,2,3,28,"female",2,2
"270",310,"blue_test","test","blue",3.25,2,5,4,2,2,3,1,3,1,1.85,1.41666666666667,3,3,1,1,1,2,2,2,1,3,2,1,2,1,2,3,1,1,2,2,2,3,3,2,3,2,3,3,1,1,1,1,2,1,2,1,1,2,1,25,"male",2,2
"271",165,"blue_neu","neu","blue",3,2.25,4,6,1,1,6,1,1,1,1.75,2.33333333333333,3,2,2,1,2,2,3,2,2,3,2,1,4,1,2,4,1,2,3,2,2,3,2,2,1,1,2,4,2,4,2,2,2,1,1,1,1,5,3,35,"female",2,2
"272",170,"blue_neu","neu","blue",3.5,2.5,5,6,2,1,3,1,4,2,1.85,2.08333333333333,3,2,2,2,1,2,3,2,2,3,2,2,4,1,1,3,2,2,3,2,2,3,2,2,1,2,2,3,2,4,1,1,2,1,3,1,1,4,2,20,"female",2,2
"273",174,"blue_neu","neu","blue",2.25,2.75,4,6,2,2,1,1,2,2,2.25,1.75,4,2,1,1,1,3,4,22,1,4,1,1,4,1,1,4,1,2,4,2,1,2,1,1,1,1,1,4,3,2,2,1,2,1,1,1,1,2,1,35,"female",2,2
"274",178,"blue_neu","neu","blue",2,3.25,5,6,1,2,1,3,1,2,1.75,2.66666666666667,3,2,1,1,3,2,3,2,2,3,1,2,4,2,1,3,1,2,3,1,2,3,2,2,1,2,2,3,4,4,2,3,2,2,4,1,1,4,2,19,"female",2,2
"275",182,"blue_neu","neu","blue",1,3,1,6,1,2,1,1,1,3,3.05,2.16666666666667,3,2,2,3,2,1,1,3,3,2,4,3,2,3,3,1,3,3,2,4,2,4,4,3,3,4,3,5,5,4,1,1,1,1,2,1,1,3,1,19,"female",2,2
"276",186,"blue_neu","neu","blue",2.75,4.25,5,5,1,5,3,2,2,5,1.5,2.08333333333333,4,1,1,1,2,3,3,2,2,4,1,1,3,2,1,4,2,1,3,2,1,2,2,1,2,1,2,2,4,2,1,1,2,2,4,1,2,3,1,19,"male",2,2
"277",190,"blue_neu","neu","blue",2.25,3.25,5,6,2,1,1,2,1,4,1.85,2.41666666666667,3,4,1,1,2,2,3,2,2,4,1,2,3,2,2,4,1,2,3,2,2,3,2,1,2,1,2,4,5,2,2,1,2,4,2,1,1,4,1,21,"male",2,2
"278",194,"blue_neu","neu","blue",1.5,3.75,3,7,1,5,1,2,1,1,2.05,2.25,3,2,1,2,1,3,2,2,3,4,3,1,3,2,2,4,2,3,2,3,2,2,3,1,2,1,3,5,5,2,2,1,1,1,1,1,1,5,2,22,"female",2,2
"279",198,"blue_neu","neu","blue",2.25,3.5,3,6,4,2,1,4,1,2,1.9,3.41666666666667,3,2,1,1,2,3,4,2,3,4,2,3,4,2,2,3,2,3,3,2,2,2,1,1,1,2,2,5,5,4,2,3,4,2,4,3,1,4,4,18,"female",2,2
"280",202,"blue_neu","neu","blue",3.25,3.5,3,6,7,6,1,1,2,1,1.95,2.25,3,2,1,2,2,3,3,2,4,3,1,2,3,1,2,4,2,3,2,1,2,2,2,2,2,1,3,3,4,2,3,1,2,1,4,1,2,3,1,22,"male",2,2
"281",206,"blue_neu","neu","blue",2.25,3,2,3,1,2,5,4,1,3,1.6,2.5,4,2,2,1,2,4,3,2,2,4,1,1,4,1,2,4,2,3,4,3,1,1,2,1,1,1,1,4,4,4,1,2,2,1,2,1,1,5,3,23,"female",2,2
"282",210,"blue_neu","neu","blue",1.75,2.25,4,6,1,1,1,1,1,1,1.4,2.25,3,2,1,1,1,3,3,2,1,4,1,1,4,2,1,4,2,1,3,1,2,2,2,1,1,1,2,4,5,5,3,1,2,1,2,1,1,1,1,22,"female",2,2
"283",217,"blue_neu","neu","blue",4.25,4,7,7,2,3,3,2,5,4,2.7,3.08333333333333,2,3,2,2,3,3,1,2,3,3,3,3,4,4,2,3,4,3,3,4,3,2,4,2,1,2,2,4,2,5,4,4,3,2,3,1,2,5,2,20,"female",2,2
"284",220,"blue_neu","neu","blue",2.5,2.75,6,6,2,2,1,2,1,1,2.25,3.08333333333333,3,2,2,1,2,3,2,2,4,4,3,3,3,3,2,4,3,2,2,2,2,2,3,1,2,1,3,5,5,4,3,3,2,3,2,1,2,4,3,18,"female",2,2
"285",227,"blue_neu","neu","blue",1.25,2.75,2,6,1,2,1,1,1,2,2.05,2.25,3,2,1,1,2,3,3,1,2,1,3,2,3,2,2,3,2,3,3,2,2,2,2,4,2,2,2,2,3,1,1,2,3,2,1,2,1,5,4,21,"female",2,2
"286",231,"blue_neu","neu","blue",1.25,2.75,2,7,1,2,1,1,1,1,1.26315789473684,2.41666666666667,4,3,1,1,1,3,3,1,2,4,1,1,4,1,1,NA,1,1,4,1,1,2,2,1,1,NA,1,4,4,4,1,1,2,1,5,1,1,4,1,21,"female",2,2
"287",240,"blue_neu","neu","blue",3,2.5,6,6,3,1,2,2,1,1,2.4,3.16666666666667,3,1,2,2,1,2,2,2,4,2,4,3,3,2,2,3,3,2,2,2,2,3,3,3,2,2,3,4,3,5,5,2,2,2,1,1,4,5,4,21,"female",2,2
"288",245,"blue_neu","neu","blue",1.75,2.75,4,5,1,2,1,2,1,2,2.55,2.58333333333333,3,3,4,3,2,2,2,2,2,2,3,1,3,2,2,1,2,3,3,3,2,3,3,3,2,4,2,2,3,3,2,3,3,2,3,2,3,3,2,21,"female",2,2
"289",249,"blue_neu","neu","blue",1.75,3.75,4,5,1,3,1,4,1,3,1.25,1.5,3,1,1,1,1,3,4,1,1,4,1,1,2,2,1,4,1,1,4,1,2,2,1,1,3,1,1,2,2,2,1,1,2,1,2,1,1,2,1,28,"male",2,2
"290",253,"blue_neu","neu","blue",2,2.25,5,6,1,1,1,1,1,1,2.9,3.41666666666667,3,3,2,2,3,2,3,3,4,2,3,3,1,4,2,2,3,2,2,4,2,3,2,3,4,3,3,3,4,4,4,2,4,5,4,4,4,2,1,30,"male",2,2
"291",256,"blue_neu","neu","blue",2.25,4.5,3,7,1,2,4,5,1,4,2.2,3.25,3,2,1,1,2,2,2,2,3,3,3,3,4,2,1,2,3,2,3,3,2,3,3,2,1,3,2,5,5,4,3,2,4,3,3,2,2,3,3,28,"female",2,2
"292",258,"blue_neu","neu","blue",1.75,1.75,3,4,1,1,1,1,2,1,2.05,1.33333333333333,2,2,1,2,1,3,3,2,1,2,3,2,1,2,2,3,1,2,2,1,3,2,2,3,4,2,3,2,2,1,2,1,1,1,1,1,1,1,2,29,"male",2,2
"293",261,"blue_neu","neu","blue",3,2.5,7,7,2,1,2,1,1,1,2.45,3.41666666666667,2,4,2,1,1,2,3,1,4,3,3,3,2,1,2,3,3,4,3,3,3,3,2,2,3,2,2,4,5,4,1,4,4,2,4,2,3,5,3,22,"female",2,2
"294",266,"blue_neu","neu","blue",2,2.75,4,6,2,1,1,2,1,2,2.75,2.75,2,3,2,2,2,3,3,4,4,3,4,4,3,3,2,2,3,2,2,3,3,2,2,2,2,3,3,5,5,4,2,2,2,2,3,1,1,4,2,22,"female",2,2
"295",269,"blue_neu","neu","blue",5.25,3.5,5,6,6,1,3,2,7,5,NA,2.41666666666667,NA,NA,NA,NA,NA,NA,NA,NA,NA,NA,NA,NA,NA,NA,NA,NA,NA,NA,NA,NA,NA,NA,NA,NA,NA,NA,NA,3,5,4,2,1,2,3,1,2,2,3,1,22,"female",2,2
"296",273,"blue_neu","neu","blue",2.75,3.25,4,5,1,1,1,5,5,2,1.55,1.83333333333333,3,1,2,2,1,3,3,2,1,3,1,2,4,2,1,4,1,1,3,2,2,2,2,2,1,1,2,3,2,2,1,1,3,1,1,1,1,4,2,22,"male",2,2
"297",279,"blue_neu","neu","blue",2,2.75,4,6,1,1,2,1,1,3,1.75,4.25,3,2,1,1,1,3,2,1,2,4,2,2,3,2,2,4,2,2,3,2,2,2,3,1,2,1,2,1,5,5,4,3,5,5,3,5,5,5,5,21,"female",2,2
"298",283,"blue_neu","neu","blue",2.25,4.25,4,4,1,4,1,4,3,5,2,1.08333333333333,2,3,1,1,3,1,4,1,1,2,4,1,3,1,3,3,1,1,2,1,3,4,1,3,2,2,3,2,1,1,1,1,1,1,1,1,1,1,1,25,"male",2,2
"299",287,"blue_neu","neu","blue",3.75,3.5,3,1,1,4,6,4,5,5,1.73684210526316,2,3,2,2,2,NA,3,3,2,2,4,2,2,3,2,1,4,2,1,3,1,2,2,2,1,2,1,2,2,4,2,1,1,3,2,2,1,2,3,1,29,"male",2,2
"300",291,"blue_neu","neu","blue",2,1,5,1,1,1,1,1,1,1,1.65,1.08333333333333,3,3,1,1,2,3,4,1,3,4,2,2,3,1,1,4,2,2,3,1,2,2,1,1,2,1,2,2,1,1,1,1,1,1,1,1,1,1,1,21,"female",2,2
"301",292,"blue_neu","neu","blue",3.5,4.75,4,6,3,5,4,4,3,4,2.75,1.91666666666667,2,1,1,3,4,2,2,3,4,2,3,2,2,3,2,3,3,3,2,3,3,3,3,3,3,2,3,3,2,2,1,2,2,1,1,1,1,4,3,24,"male",2,2
"302",296,"blue_neu","neu","blue",2.25,3.5,3,7,1,1,4,5,1,1,2.7,3.16666666666667,2,3,2,2,4,1,2,2,3,2,2,3,2,4,2,3,2,2,3,3,3,4,3,3,3,2,2,4,5,5,2,2,4,3,2,1,1,5,4,24,"female",2,2
"303",300,"blue_neu","neu","blue",1.75,1.5,2,2,3,2,1,1,1,1,1.3,2.41666666666667,4,2,1,1,1,3,4,1,2,1,1,1,4,1,1,4,1,1,4,1,1,2,1,4,1,1,1,3,3,3,3,3,2,2,2,2,2,2,2,56,"female",2,2
"304",304,"blue_neu","neu","blue",1.75,3.25,4,5,1,5,1,1,1,2,2.45,1.91666666666667,2,2,1,2,1,2,3,2,3,3,3,2,2,3,3,2,3,1,2,4,3,3,2,2,3,3,3,3,4,3,1,1,1,2,2,1,1,3,1,20,"male",2,2
"305",308,"blue_neu","neu","blue",3,2.5,3,1,7,6,1,1,1,2,1.15,1.25,4,1,1,1,1,4,4,1,2,4,1,1,4,3,1,4,1,1,4,1,1,1,1,1,1,1,1,2,1,1,1,1,1,1,3,1,1,1,1,22,"female",2,2
